{
    "orders": [
        {
            "item": "принтер",
            "quantity": "10",
            "price": "6700",
            "buyer": "Ivanov I.I.",
            "date": "24.09.2017"
        },
        {
            "item": "сканер",
            "quantity": "20",
            "price": "10000",
            "buyer": "Petrov P.P.",
            "date": "11.01.2018"
        },
        {
            "item": "компьютер",
            "quantity": "5",
            "price": "40000",
            "buyer": "Сидоров С.С.",
            "date": "2.05.2019"
        }
    ]
}